-- Insert Data into zootopia

INSERT INTO gehege (gehege_nr, gehege_name, größe, kapazität, bezeichnung, gefahrenklasse) VALUES
(1, 'Affenalarm', '285.84', 8, 'Regenwald', '2'),
(2, 'Elefantastisch', '5846.85', 4, 'Trockenland', '2'),
(3, 'Giraffenpark', '375.84', 4, 'Trockenland', '2'),
(4, 'Bärenstark', '751.23', 5, 'Trockenland', '3'),
(5, 'Schnapphaus', '542.98', 10, 'Terrarium', '3'),
(6, 'Quakhaus', '45', 8, 'Terrarium', '1'),
(7, 'Katzendschungel', '5492.54', 5, 'Trockenland', '3'),
(8, 'Robben-Rutschenland', '216.65', 10, 'Polar', '1'),
(9, 'Watschel-Wunderland', '364.55', 12, 'Polar', '1'),
(10, 'Farbenfrohe Flügelwunder', '546.87', 6, 'Regenwald', '2'),
(11, 'Pinker Spaß', '1350', 10, 'Wasserland', '2'),
(12, 'Giftige Zone', '86', 7, 'Terrarium', '3');

INSERT INTO kategorie (kategorie_id, kategorie_name) VALUES
(1, 'Säugetiere'),
(2, 'Vögel'),
(3, 'Reptilien'), 
(4, 'Amphibien'), 
(5, 'Fische'), 
(6, 'Wirbellose'),
(7, 'Insekten'), 
(8, 'Spinnentiere');

INSERT INTO arten (arten_id, tierart) VALUES
(1, 'Affe'),
(2, 'Elefant'),
(3, 'Giraffe'),
(4, 'Braunbär'),
(5, 'Krokodil'),
(6, 'Schildkröte'),
(7, 'Schlange'),
(8, 'Frosch'),
(9, 'Kröte'),
(10, 'Tiger'),
(11, 'Löwe'),
(12, 'Robbe'),
(13, 'Pinguin'),
(14, 'Pfau'),
(15, 'Papagei'),
(16, 'Flamingo'),
(17, 'Spinne'),
(18, 'Skorpion');

INSERT INTO tiere (tiere_id, tier_name, geburtsdatum, geschlecht, größe, gewicht, arten_id, kategorie_id, gehege_nr) VALUES
(1, 'Luna', '2018-06-28', 'weiblich', '0.82', '25.62', 1, 1, 1),
(2, 'Coca', '2010-05-22', 'weiblich', '1.15', '45.25', 1, 1, 1),
(3, 'Kira', '2012-02-07', 'weiblich', '1.03', '42.64', 1, 1, 1),
(4, 'Max', '2011-01-05', 'männlich', '1.05', '62.22', 1, 1, 1),
(5, 'Milo', '2015-10-12', 'männlich', '0.98', '52.13', 1, 1, 1),
(6, 'Rocky', '2008-07-16', 'männlich', '1.20', '68.47', 1, 1, 1),
(7, 'Nala', '1998-12-07', 'weiblich', '2.56', '4252.79', 2, 1, 2),
(8, 'Amara', '1975-11-03', 'weiblich', '3.52', '5842.24', 2, 1, 2),
(9, 'Kibo', '1983-09-18', 'männlich', '3.45', '5462.84', 2, 1, 2),
(10, 'Jumbo', '1990-05-21', 'männlich', '3.20', '5212.35', 2, 1, 2),
(11, 'Jemma', '1998-01-05', 'weiblich', '5.29', '1052.65', 3, 1, 3),
(12, 'Sahara', '1994-10-11', 'weiblich', '5.85', '1198.64', 3, 1, 3),
(13, 'Leo', '2000-08-21', 'männlich', '5.34', '1502.93', 3, 1, 3),
(14, 'Koda', '2001-07-24', 'männlich', '5.26', '1432.59', 3, 1, 3),
(15, 'Betty', '2005-12-01', 'weiblich', '2.65', '512.32', 4, 1, 4),
(16, 'Bruno', '2008-09-07', 'männlich', '2.35', '569.23', 4, 1, 4),
(17, 'Bella', '2016-03-11', 'weiblich', '1.78', '452.98', 4, 1, 4),
(18, 'Charly', '2018-02-13', 'männlich', '1.65', '396.35', 4, 1, 4),
(19, 'Lucy', '1995-05-14', 'weiblich', '5.25', '845.32', 5, 3, 5),
(20, 'Ruby', '2002-10-30', 'männlich', '4.89', '623.54', 5, 3, 5),
(21, 'Susi', '1953-01-05', 'weiblich', '1.39', '2.12', 6, 3, 5),
(22, 'Tobi', '1973-02-16', 'männlich', '1.28', '1.87', 6, 3, 5),
(23, 'Chris', '1986-09-17', 'männlich', '1.14', '1.53', 6, 3, 5),
(24, 'Zoe', '1999-06-16', 'weiblich', '8.62', '183.67', 7, 3, 5),
(25, 'Sina', '2003-12-19', 'weiblich', '6.97', '126.83', 7, 3, 5),
(26, 'Sammy', '2004-06-25', 'männlich', '4.53', '90.86', 7, 3, 5),
(27, 'Felix', '2000-05-16', 'männlich', '0.056', '0.009', 8, 4, 6),
(28, 'Frank', '2001-05-28', 'männlich', '0.045', '0.008', 8, 4, 6),
(29, 'Fina', '2001-08-25', 'weiblich', '0.067', '0.008', 8, 4, 6),
(30, 'Fredi', '2003-09-15', 'weiblich', '0.053', '0.006', 8, 4, 6),
(31, 'Korbi', '2000-06-19', 'männlich', '0.08', '0.92', 9, 4, 6),
(32, 'Krissy', '2004-07-13', 'weiblich', '0.07', '1.21', 9, 4, 6),
(33, 'Kati', '2008-10-12', 'weiblich', '0.06', '0.98', 9, 4, 6),
(34, 'Kosta', '2012-03-05', 'männlich', '0.05', '0.63', 9, 4, 6),
(35, 'Tina', '2003-09-13', 'weiblich', '2.64', '1.53', 10, 1, 7),
(36, 'Tommi', '2004-01-18', 'männlich', '2.75', '2.82', 10, 1, 7),
(37, 'Lilly', '2004-04-25', 'weiblich', '1.78', '115.78', 11, 1, 7),
(38, 'Leon', '2005-01-31', 'männlich', '1.92', '176.52', 11, 1, 7),
(39, 'Luke', '2016-09-24', 'männlich', '1.51', '95.82', 11, 1, 7),
(40, 'Rita', '1996-05-13', 'weiblich', '2.01', '150.52', 12, 1, 8),
(41, 'Rob', '1998-07-19', 'männlich', '2.25', '250.20', 12, 1, 8),
(42, 'Rosie', '2004-03-13', 'weiblich', '1.85', '132.82', 12, 1, 8),
(43, 'Rabia', '2007-11-11', 'weiblich', '1.63', '112.53', 12, 1, 8),
(44, 'Robby', '2012-06-05', 'männlich', '1.82', '210.63', 12, 1, 8),
(45, 'Ronja', '2010-10-06', 'weiblich', '1.36', '0.93', 12, 1, 8),
(46, 'Ron', '2006-01-08', 'männlich', '1.93', '223.23', 12, 1, 8),
(47, 'Ruki', '2013-02-25', 'weiblich', '1.56', '0.78', 12, 1, 8),
(48, 'Rami', '2014-07-27', 'männlich', '1.92', '176.53', 12, 1, 8),
(49, 'Ramal', '2005-03-26', 'männlich', '1.51', '196.82', 12, 1, 8),
(50, 'Pia', '2005-05-13', 'weiblich', '1.26', '25.62', 13, 2, 9),
(51, 'Pina', '2006-07-26', 'weiblich', '1.27', '23.63', 13, 2, 9),
(52, 'Poppy', '2007-03-23', 'weiblich', '1.23', '19.82', 13, 2, 9),
(53, 'Sara', '2008-10-11', 'weiblich', '1.16', '16.62', 13, 2, 9),
(54, 'Jana', '2010-06-05', 'weiblich', '1.06', '15.82', 13, 2, 9),
(55, 'Ben', '2010-09-06', 'männlich', '1.08', '15.84', 13, 2, 9),
(56, 'Nick', '2006-01-23', 'männlich', '1.24', '25.74', 13, 2, 9),
(57, 'Pin', '2016-02-15', 'männlich', '0.86', '10.20', 13, 2, 9),
(58, 'Timmy', '2014-08-27', 'männlich', '1.01', '11.85', 13, 2, 9),
(59, 'Ruben', '2015-02-26', 'männlich', '0.98', '11.93', 13, 2, 9),
(60, 'Glory', '2006-04-19', 'weiblich', '0.82', '3.35', 14, 2, 10),
(61, 'Gustav', '2010-05-26', 'männlich', '1.02', '4.23', 14, 2, 10),
(62, 'Maja', '1986-01-13', 'weiblich', '0.98', '0.86', 15, 2, 10),
(63, 'Mara', '1998-05-19', 'weiblich', '0.83', '0.75', 15, 2, 10),
(64, 'Micky', '2008-06-28', 'männlich', '0.72', '0.45', 15, 2, 10),
(65, 'Mert', '2006-10-26', 'männlich', '0.79', '0.56', 15, 2, 10),
(66, 'Bono', '2001-01-23', 'männlich', '1.24', '2.5', 16, 2, 11),
(67, 'Carl', '2008-02-15', 'männlich', '1.36', '2.10', 16, 2, 11),
(68, 'Adam', '2007-08-27', 'männlich', '1.01', '2.85', 16, 2, 11),
(69, 'Erik', '1997-02-26', 'männlich', '1.42', '3.49', 16, 2, 11),
(70, 'Riko', '2006-04-19', 'männlich', '1.22', '2.35', 16, 2, 11),
(71, 'Anna', '2010-05-26', 'weiblich', '1.06', '2.68', 16, 2, 11),
(72, 'Mia', '1993-01-13', 'weiblich', '1.46', '3.51', 16, 2, 11),
(73, 'Karla', '1999-05-19', 'weiblich', '1.35', '3.45', 16, 2, 11),
(74, 'Kaja', '2006-06-28', 'weiblich', '1.01', '2.01', 16, 2, 11),
(75, 'Nina', '2009-11-26', 'weiblich', '0.99', '2.25', 16, 2, 11),
(76, 'Mike', '2008-12-23', 'männlich', '0.10', '0.025', 17, 8, 12),
(77, 'Lori', '2006-03-18', 'männlich', '0.11', '0.028', 17, 8, 12),
(78, 'Sabi', '2015-07-17', 'weiblich', '0.07', '0.019', 17, 8, 12),
(79, 'Tilly', '2018-01-12', 'weiblich', '0.05', '0.018', 17, 8, 12),
(80, 'Ina', '2016-09-19', 'weiblich', '0.08', '0.021', 17, 8, 12),
(81, 'Sky', '2015-06-11', 'weiblich', '0.18', '0.07', 18, 8, 12),
(82, 'Stormy', '2015-08-22', 'männlich', '0.19', '0.08', 18, 8, 12);


INSERT INTO futter (futter_id, sorte) VALUES
(1, 'Obst'),
(2, 'Gemüse'),
(3, 'Fisch'),
(4, 'Fleisch'),
(5, 'Blätter'),
(6, 'Gräser'),
(7, 'Pflanzen'),
(8, 'Insekten'),
(9, 'Schnecken'),
(10, 'Aas'),
(11, 'Mäuse'),
(12, 'Ratten'),
(13, 'Würmer');

INSERT INTO fressen (futter_id, arten_id) VALUES
(1, 1),
(2, 1),
(5, 1),
(1, 2),
(7, 2),
(5, 3),
(1, 4),
(6, 4),
(8, 4),
(9, 4),
(10, 4),
(3, 5),
(10, 5),
(7, 6),
(11, 7),
(12, 7),
(8, 8),
(8, 9),
(13, 9),
(4, 10),
(4, 11),
(3, 12),
(3, 13),
(1, 14),
(8, 14),
(13, 14),
(1, 15),
(2, 15),
(8, 16),
(9, 16),
(8, 17),
(8, 18);

INSERT INTO mitarbeiter (mitarbeiter_id, vorname, nachname, email_adresse, klasse) VALUES
(1, 'Anton', 'Maier', 'anton.maier@gmail.com', '3'),
(2, 'Bernd', 'Müller', 'bernd.mueller@web.de', '2'),
(3, 'Carla', 'Schmidt', 'carla.schmidt@gmail.com', '2'),
(4, 'Diana', 'Scheich', 'diana.scheich@yahoo.com', '2'),
(5, 'Erik', 'Fischer', 'erik.fischer@gmail.com', '3'),
(6, 'Fiona', 'Weigand', 'fiona.weigand@gmail.com', '1'),
(7, 'Gabi', 'Kumm', 'gabi.kumm@yahoo.com', '3'),
(8, 'Helena', 'Becker', 'helena.becker@gmail.com', '1'),
(9, 'Ingo', 'Schulz', 'ingo.schulz@web.de', '1'),
(10, 'Jannik', 'Hoffmann', 'jannik.hoffmann@gmail.com', '2'),
(11, 'Klara', 'Schäfer', 'klara.schäfer@yahoo.com', '2'),
(12, 'Leon', 'Koch', 'leon.koch@web.de', '3'),
(13, 'Maja', 'Bauer', 'maja.bauer@gmail.com', '3'),
(14, 'Nico', 'Richter', 'nico.richter@gmail.com', '3'),
(15, 'Tim', 'Klein', 'tim.klein@gmail.com', '2'),
(16, 'Peter', 'Wolf', 'peter.wolf@web.de', '2'),
(17, 'Ronja', 'Schröder', 'ronja.schröder@yahoo.com', '3'),
(18, 'Sonja', 'Neumann', 'sonja.neumann@gmail.com', '3');

INSERT INTO verantwortlich (mitarbeiter_id, gehege_nr) VALUES
(1, 4),
(2, 1),
(3, 1),
(3, 2),
(4, 3),
(5, 5),
(6, 6),
(7, 7),
(8, 8),
(8, 9),
(9, 8),
(9, 9),
(10, 10),
(11, 11),
(12, 12),
(13, 12),
(13, 5),
(14, 4),
(14, 7),
(15, 2),
(15, 3),
(16, 10),
(16, 11),
(17, 5),
(18, 7);

INSERT INTO paten (paten_id, vorname, nachname, email_adresse) VALUES
(1, 'Elias', 'Scholz', 'elias.scholz@gmail.com'),
(2, 'Emilia', 'Vogel', 'emilia.vogel@yahoo.com'),
(3, 'Julian', 'Keller', 'julian.keller@gmail.com'),
(4, 'Mara', 'Huber', 'mara.huber@yahoo.com'),
(5, 'Nils', 'Baumann', 'nils.baumann@gmail.com'),
(6, 'Julia', 'Berger', 'julia.berger@gmail.com'),
(7, 'Simon', 'Hochstein', 'simon.hochstein@yahoo.com'),
(8, 'Laura', 'Mayer', 'laura.mayer@gmail.com'),
(9, 'Thomas', 'Konert', 'thomas.konert@gmail.com'),
(10, 'Lisa', 'Schneider', 'lisa.schneider@yahoo.com'),
(11, 'Felix', 'Brecht', 'felix.brecht@gmail.com'),
(12, 'Emma', 'Wagner', 'emma.wagner@yahoo.com'),
(13, 'Lukas', 'Schreiber', 'lukas.schreiber@gmail.com'),
(14, 'Lina', 'Schlett', 'lina.schlett@yahoo.com'),
(15, 'Ben', 'König', 'ben.konig@gmail.com'),
(16, 'Mia', 'Kaiser', 'mia.kaiser@yahoo.com'),
(17, 'Paul', 'Appl', 'paul.appl@gmail.com'),
(18, 'Lena', 'Hansen', 'lena.hansen@yahoo.com'),
(19, 'Niklas', 'Schmitt', 'niklas.schmitt@gmail.com'),
(20, 'Hannah', 'Möller', 'hannah.moller@yahoo.com'),
(21, 'Tom', 'Weber', 'tom.weber@gmail.com'),
(22, 'Emily', 'Schwarz', 'emily.schwarz@yahoo.com');

INSERT INTO patenschaften (paten_id, tiere_id, datum, betrag) VALUES
(1, 1, '2000-01-15', '500.00'),
(2, 2, '2001-03-22', '250.00'),
(3, 3, '2002-05-07', '600.00'),
(4, 4, '2003-08-12', '550.00'),
(5, 7, '2004-10-29', '650.00'),
(6, 8, '2005-12-04', '750.00'),
(7, 9, '2006-02-18', '550.00'),
(8, 10, '2007-04-26', '300.00'),
(9, 11, '2008-07-01', '450.00'),
(10, 12, '2009-09-09', '500.00'),
(11, 15, '2010-11-16', '600.00'),
(12, 16, '2011-01-28', '500.00'),
(13, 19, '2012-04-05', '550.00'),
(14, 20, '2013-06-11', '350.00'),
(15, 21, '2014-08-19', '250.00'),
(16, 22, '2015-10-24', '250.00'),
(17, 24, '2016-12-31', '400.00'),
(18, 25, '2017-02-14', '500.00'),
(19, 27, '2018-04-23', '650.00'),
(20, 35, '2019-06-30', '670.00'),
(21, 37, '2020-09-05', '450.00'),
(22, 40, '2021-11-13', '350.00'),
(2, 50, '2022-01-01', '250.00'),
(10, 51, '2023-06-26', '300.00'),
(1, 60, '2020-06-27', '300.00'),
(9, 62, '2021-05-09', '400.00'),
(1, 70, '2021-07-11', '450.00'),
(10, 77, '2022-07-11', '350.00'),
(6, 81, '2016-02-02', '500.00');

